GHO (DISPLAY),GHO (URL),PUBLISHSTATE (CODE),PUBLISHSTATE (DISPLAY),YEAR (DISPLAY),REGION (CODE),STARTYEAR,ENDYEAR,REGION (DISPLAY),COUNTRY (CODE),COUNTRY (DISPLAY),Display Value,Numeric,Low,High,Comments,,,,,,,,,,Remove?
Antiretroviral therapy coverage among people with HIV infection eligible for ART according to 2010 guidelines (%),https://www.who.int/data/gho/indicator-metadata-registry/imr-details/12,PUBLISHED,Published,2012,AFR,2012,2012,Africa,KEN,Kenya,73 [69-77],73.02332,68.90967,76.85281,,,,,,,,,,,s
Estimated number of people eligible for antiretroviral therapy according to 2010 guidelines,https://www.who.int/data/gho/indicator-metadata-registry/imr-details/2934,PUBLISHED,Published,2012,AFR,2012,2012,Africa,KEN,Kenya, 830 000 [790 000-880 000],830000,790000,880000,,,,,,,,,,,
"Testing and counselling facilities, reported number",https://www.who.int/data/gho/indicator-metadata-registry/imr-details/2925,PUBLISHED,Published,2014,AFR,2014,2014,Africa,KEN,Kenya, 9 334,9334,,,,,,,,,,,,,
"Testing and counselling facilities, estimated number per 100 000 adult population",https://www.who.int/data/gho/indicator-metadata-registry/imr-details/2926,PUBLISHED,Published,2014,AFR,2014,2014,Africa,KEN,Kenya,35,35,,,,,,,,,,,,,
"Testing and counselling facilities, reporting period",https://www.who.int/data/gho/indicator-metadata-registry/imr-details/2931,PUBLISHED,Published,2014,AFR,2014,2014,Africa,KEN,Kenya,Jan.2014-Dec.2014,,,,,,,,,,,,,,
"Number of people aged 15 years and over who received HIV testing and counselling, reported number",https://www.who.int/data/gho/indicator-metadata-registry/imr-details/2930,PUBLISHED,Published,2014,AFR,2014,2014,Africa,KEN,Kenya,7 769 024,7769024,,,,,,,,,,,,,
"People aged 15 years and over who received HIV testing and counselling, estimated number per 1000 adult population",https://www.who.int/data/gho/indicator-metadata-registry/imr-details/2931,PUBLISHED,Published,2014,AFR,2014,2014,Africa,KEN,Kenya,294,294,,,,,,,,,,,,,
"Number of people aged 15 years and over who received HIV testing and counselling, reporting period",https://www.who.int/data/gho/indicator-metadata-registry/imr-details/2931,PUBLISHED,Published,2014,AFR,2014,2014,Africa,KEN,Kenya,Jan. 2014-Dec. 2014,,,,,,,,,,,,,,
"Reported number of tests performed where results were received by a person (testing volume), reporting period",https://www.who.int/data/gho/indicator-metadata-registry/imr-details/2931,PUBLISHED,Published,2018,AFR,2018,2018,Africa,KEN,Kenya,Jan 2018 - Dec 2018,,,,,,,,,,,,,,
Reported number of tests performed where results were received by a person (testing volume),https://www.who.int/data/gho/indicator-metadata-registry/imr-details/2930,PUBLISHED,Published,2018,AFR,2018,2018,Africa,KEN,Kenya,10 547 642,10547642,,,,,,,,,,,,,
"Estimated number of tests performed where results were received by a person (testing volume), estimated number per 1000 population",https://www.who.int/data/gho/indicator-metadata-registry/imr-details/2931,PUBLISHED,Published,2018,AFR,2018,2018,Africa,KEN,Kenya,205,205.20704,,,,,,,,,,,,,
Number of new HIV infections,https://www.who.int/data/gho/indicator-metadata-registry/imr-details/4659,PUBLISHED,Published,2000,AFR,2000,2000,Africa,KEN,Kenya,120 000 [78 000–190 000],120000,78000,190000,,,,,,,,,,,
Number of new HIV infections,https://www.who.int/data/gho/indicator-metadata-registry/imr-details/4659,PUBLISHED,Published,2001,AFR,2001,2001,Africa,KEN,Kenya,110 000 [73 000–170 000],110000,73000,170000,,,,,,,,,,,
Number of new HIV infections,https://www.who.int/data/gho/indicator-metadata-registry/imr-details/4659,PUBLISHED,Published,2002,AFR,2002,2002,Africa,KEN,Kenya,110 000 [69 000–170 000],110000,69000,170000,,,,,,,,,,,
Number of new HIV infections,https://www.who.int/data/gho/indicator-metadata-registry/imr-details/4659,PUBLISHED,Published,2003,AFR,2003,2003,Africa,KEN,Kenya,100 000 [66 000–160 000],100000,66000,160000,,,,,,,,,,,
Number of new HIV infections,https://www.who.int/data/gho/indicator-metadata-registry/imr-details/4659,PUBLISHED,Published,2004,AFR,2004,2004,Africa,KEN,Kenya,98 000 [63 000–150 000],98000,63000,150000,,,,,,,,,,,
Number of new HIV infections,https://www.who.int/data/gho/indicator-metadata-registry/imr-details/4659,PUBLISHED,Published,2005,AFR,2005,2005,Africa,KEN,Kenya,94 000 [61 000–140 000],94000,61000,140000,,,,,,,,,,,
Number of new HIV infections,https://www.who.int/data/gho/indicator-metadata-registry/imr-details/4659,PUBLISHED,Published,2006,AFR,2006,2006,Africa,KEN,Kenya,91 000 [59 000–140 000],91000,59000,140000,,,,,,,,,,,
Number of new HIV infections,https://www.who.int/data/gho/indicator-metadata-registry/imr-details/4659,PUBLISHED,Published,2007,AFR,2007,2007,Africa,KEN,Kenya,87 000 [57 000–140 000],87000,57000,140000,,,,,,,,,,,
Number of new HIV infections,https://www.who.int/data/gho/indicator-metadata-registry/imr-details/4659,PUBLISHED,Published,2008,AFR,2008,2008,Africa,KEN,Kenya,79 000 [51 000–120 000],79000,51000,120000,,,,,,,,,,,
Number of new HIV infections,https://www.who.int/data/gho/indicator-metadata-registry/imr-details/4659,PUBLISHED,Published,2009,AFR,2009,2009,Africa,KEN,Kenya,78 000 [51 000–120 000],78000,51000,120000,,,,,,,,,,,
Number of new HIV infections,https://www.who.int/data/gho/indicator-metadata-registry/imr-details/4659,PUBLISHED,Published,2010,AFR,2010,2010,Africa,KEN,Kenya,75 000 [48 000–120 000],75000,48000,120000,,,,,,,,,,,
Number of new HIV infections,https://www.who.int/data/gho/indicator-metadata-registry/imr-details/4659,PUBLISHED,Published,2011,AFR,2011,2011,Africa,KEN,Kenya,68 000 [44 000–100 000],68000,44000,100000,,,,,,,,,,,
Number of new HIV infections,https://www.who.int/data/gho/indicator-metadata-registry/imr-details/4659,PUBLISHED,Published,2012,AFR,2012,2012,Africa,KEN,Kenya,66 000 [43 000–100 000],66000,43000,100000,,,,,,,,,,,
Number of new HIV infections,https://www.who.int/data/gho/indicator-metadata-registry/imr-details/4659,PUBLISHED,Published,2013,AFR,2013,2013,Africa,KEN,Kenya,64 000 [41 000–99 000],64000,41000,99000,,,,,,,,,,,
Number of new HIV infections,https://www.who.int/data/gho/indicator-metadata-registry/imr-details/4659,PUBLISHED,Published,2014,AFR,2014,2014,Africa,KEN,Kenya,60 000 [39 000–93 000],60000,39000,93000,,,,,,,,,,,
Number of new HIV infections,https://www.who.int/data/gho/indicator-metadata-registry/imr-details/4659,PUBLISHED,Published,2015,AFR,2015,2015,Africa,KEN,Kenya,54 000 [35 000–83 000],54000,35000,83000,,,,,,,,,,,
Number of new HIV infections,https://www.who.int/data/gho/indicator-metadata-registry/imr-details/4659,PUBLISHED,Published,2016,AFR,2016,2016,Africa,KEN,Kenya,49 000 [32 000–76 000],49000,32000,76000,,,,,,,,,,,
Number of new HIV infections,https://www.who.int/data/gho/indicator-metadata-registry/imr-details/4659,PUBLISHED,Published,2017,AFR,2017,2017,Africa,KEN,Kenya,47 000 [30 000–72 000],47000,30000,72000,,,,,,,,,,,
Number of new HIV infections,https://www.who.int/data/gho/indicator-metadata-registry/imr-details/4659,PUBLISHED,Published,2018,AFR,2018,2018,Africa,KEN,Kenya,43 000 [28 000–66 000],43000,28000,66000,,,,,,,,,,,
Number of new HIV infections,https://www.who.int/data/gho/indicator-metadata-registry/imr-details/4659,PUBLISHED,Published,2019,AFR,2019,2019,Africa,KEN,Kenya,42 000 [27 000–65 000],42000,27000,65000,,,,,,,,,,,
Estimated number of people (all ages) living with HIV,https://www.who.int/data/gho/indicator-metadata-registry/imr-details/2921,PUBLISHED,Published,2000,AFR,2000,2000,Africa,KEN,Kenya,1 500 000 [1 400 000–1 800 000],1500000,1400000,1800000,,,,,,,,,,,
Estimated number of people (all ages) living with HIV,https://www.who.int/data/gho/indicator-metadata-registry/imr-details/2921,PUBLISHED,Published,2001,AFR,2001,2001,Africa,KEN,Kenya,1 500 000 [1 300 000–1 800 000],1500000,1300000,1800000,,,,,,,,,,,
Estimated number of people (all ages) living with HIV,https://www.who.int/data/gho/indicator-metadata-registry/imr-details/2921,PUBLISHED,Published,2002,AFR,2002,2002,Africa,KEN,Kenya,1 500 000 [1 300 000–1 800 000],1500000,1300000,1800000,,,,,,,,,,,
Estimated number of people (all ages) living with HIV,https://www.who.int/data/gho/indicator-metadata-registry/imr-details/2921,PUBLISHED,Published,2003,AFR,2003,2003,Africa,KEN,Kenya,1 500 000 [1 300 000–1 700 000],1500000,1300000,1700000,,,,,,,,,,,
Estimated number of people (all ages) living with HIV,https://www.who.int/data/gho/indicator-metadata-registry/imr-details/2921,PUBLISHED,Published,2004,AFR,2004,2004,Africa,KEN,Kenya,1 400 000 [1 300 000–1 700 000],1400000,1300000,1700000,,,,,,,,,,,
Estimated number of people (all ages) living with HIV,https://www.who.int/data/gho/indicator-metadata-registry/imr-details/2921,PUBLISHED,Published,2005,AFR,2005,2005,Africa,KEN,Kenya,1 400 000 [1 200 000–1 700 000],1400000,1200000,1700000,,,,,,,,,,,
Estimated number of people (all ages) living with HIV,https://www.who.int/data/gho/indicator-metadata-registry/imr-details/2921,PUBLISHED,Published,2006,AFR,2006,2006,Africa,KEN,Kenya,1 400 000 [1 200 000–1 600 000],1400000,1200000,1600000,,,,,,,,,,,
Estimated number of people (all ages) living with HIV,https://www.who.int/data/gho/indicator-metadata-registry/imr-details/2921,PUBLISHED,Published,2007,AFR,2007,2007,Africa,KEN,Kenya,1 400 000 [1 200 000–1 600 000],1400000,1200000,1600000,,,,,,,,,,,
Estimated number of people (all ages) living with HIV,https://www.who.int/data/gho/indicator-metadata-registry/imr-details/2921,PUBLISHED,Published,2008,AFR,2008,2008,Africa,KEN,Kenya,1 400 000 [1 200 000–1 600 000],1400000,1200000,1600000,,,,,,,,,,,
Estimated number of people (all ages) living with HIV,https://www.who.int/data/gho/indicator-metadata-registry/imr-details/2921,PUBLISHED,Published,2009,AFR,2009,2009,Africa,KEN,Kenya,1 400 000 [1 200 000–1 600 000],1400000,1200000,1600000,,,,,,,,,,,
Estimated number of people (all ages) living with HIV,https://www.who.int/data/gho/indicator-metadata-registry/imr-details/2921,PUBLISHED,Published,2010,AFR,2010,2010,Africa,KEN,Kenya,1 400 000 [1 200 000–1 600 000],1400000,1200000,1600000,,,,,,,,,,,
Estimated number of people (all ages) living with HIV,https://www.who.int/data/gho/indicator-metadata-registry/imr-details/2921,PUBLISHED,Published,2011,AFR,2011,2011,Africa,KEN,Kenya,1 400 000 [1 200 000–1 600 000],1400000,1200000,1600000,,,,,,,,,,,
Estimated number of people (all ages) living with HIV,https://www.who.int/data/gho/indicator-metadata-registry/imr-details/2921,PUBLISHED,Published,2012,AFR,2012,2012,Africa,KEN,Kenya,1 400 000 [1 300 000–1 700 000],1400000,1300000,1700000,,,,,,,,,,,
Estimated number of people (all ages) living with HIV,https://www.who.int/data/gho/indicator-metadata-registry/imr-details/2921,PUBLISHED,Published,2013,AFR,2013,2013,Africa,KEN,Kenya,1 400 000 [1 300 000–1 700 000],1400000,1300000,1700000,,,,,,,,,,,
Estimated number of people (all ages) living with HIV,https://www.who.int/data/gho/indicator-metadata-registry/imr-details/2921,PUBLISHED,Published,2014,AFR,2014,2014,Africa,KEN,Kenya,1 500 000 [1 300 000–1 700 000],1500000,1300000,1700000,,,,,,,,,,,
Estimated number of people (all ages) living with HIV,https://www.who.int/data/gho/indicator-metadata-registry/imr-details/2921,PUBLISHED,Published,2015,AFR,2015,2015,Africa,KEN,Kenya,1 500 000 [1 300 000–1 700 000],1500000,1300000,1700000,,,,,,,,,,,
Estimated number of people (all ages) living with HIV,https://www.who.int/data/gho/indicator-metadata-registry/imr-details/2921,PUBLISHED,Published,2016,AFR,2016,2016,Africa,KEN,Kenya,1 500 000 [1 300 000–1 700 000],1500000,1300000,1700000,,,,,,,,,,,
Estimated number of people (all ages) living with HIV,https://www.who.int/data/gho/indicator-metadata-registry/imr-details/2921,PUBLISHED,Published,2017,AFR,2017,2017,Africa,KEN,Kenya,1 500 000 [1 300 000–1 700 000],1500000,1300000,1700000,,,,,,,,,,,
Estimated number of people (all ages) living with HIV,https://www.who.int/data/gho/indicator-metadata-registry/imr-details/2921,PUBLISHED,Published,2018,AFR,2018,2018,Africa,KEN,Kenya,1 500 000 [1 300 000–1 700 000],1500000,1300000,1700000,,,,,,,,,,,
Estimated number of people (all ages) living with HIV,https://www.who.int/data/gho/indicator-metadata-registry/imr-details/2921,PUBLISHED,Published,2019,AFR,2019,2019,Africa,KEN,Kenya,1 500 000 [1 300 000–1 700 000],1500000,1300000,1700000,,,,,,,,,,,
Reported number of people receiving antiretroviral therapy,https://www.who.int/data/gho/indicator-metadata-registry/imr-details/2924,PUBLISHED,Published,2000,AFR,2000,2000,Africa,KEN,Kenya,0,0,,,,,,,,,,,,,
Reported number of people receiving antiretroviral therapy,https://www.who.int/data/gho/indicator-metadata-registry/imr-details/2924,PUBLISHED,Published,2001,AFR,2001,2001,Africa,KEN,Kenya,0,0,,,,,,,,,,,,,
Reported number of people receiving antiretroviral therapy,https://www.who.int/data/gho/indicator-metadata-registry/imr-details/2924,PUBLISHED,Published,2002,AFR,2002,2002,Africa,KEN,Kenya,0,0,,,,,,,,,,,,,
Reported number of people receiving antiretroviral therapy,https://www.who.int/data/gho/indicator-metadata-registry/imr-details/2924,PUBLISHED,Published,2003,AFR,2003,2003,Africa,KEN,Kenya,0,0,,,,,,,,,,,,,
Reported number of people receiving antiretroviral therapy,https://www.who.int/data/gho/indicator-metadata-registry/imr-details/2924,PUBLISHED,Published,2004,AFR,2004,2004,Africa,KEN,Kenya,24960,24960,,,,,,,,,,,,,
Reported number of people receiving antiretroviral therapy,https://www.who.int/data/gho/indicator-metadata-registry/imr-details/2924,PUBLISHED,Published,2005,AFR,2005,2005,Africa,KEN,Kenya,54093,54093,,,,,,,,,,,,,
Reported number of people receiving antiretroviral therapy,https://www.who.int/data/gho/indicator-metadata-registry/imr-details/2924,PUBLISHED,Published,2006,AFR,2006,2006,Africa,KEN,Kenya,128722,128722,,,,,,,,,,,,,
Reported number of people receiving antiretroviral therapy,https://www.who.int/data/gho/indicator-metadata-registry/imr-details/2924,PUBLISHED,Published,2007,AFR,2007,2007,Africa,KEN,Kenya,184902,184902,,,,,,,,,,,,,
Reported number of people receiving antiretroviral therapy,https://www.who.int/data/gho/indicator-metadata-registry/imr-details/2924,PUBLISHED,Published,2008,AFR,2008,2008,Africa,KEN,Kenya,250636,250636,,,,,,,,,,,,,
Reported number of people receiving antiretroviral therapy,https://www.who.int/data/gho/indicator-metadata-registry/imr-details/2924,PUBLISHED,Published,2009,AFR,2009,2009,Africa,KEN,Kenya,343929,343929,,,,,,,,,,,,,
Reported number of people receiving antiretroviral therapy,https://www.who.int/data/gho/indicator-metadata-registry/imr-details/2924,PUBLISHED,Published,2010,AFR,2010,2010,Africa,KEN,Kenya,432622,432622,,,,,,,,,,,,,
Reported number of people receiving antiretroviral therapy,https://www.who.int/data/gho/indicator-metadata-registry/imr-details/2924,PUBLISHED,Published,2011,AFR,2011,2011,Africa,KEN,Kenya,538985,538985,,,,,,,,,,,,,
Reported number of people receiving antiretroviral therapy,https://www.who.int/data/gho/indicator-metadata-registry/imr-details/2924,PUBLISHED,Published,2012,AFR,2012,2012,Africa,KEN,Kenya,603997,603997,,,,,,,,,,,,,
Reported number of people receiving antiretroviral therapy,https://www.who.int/data/gho/indicator-metadata-registry/imr-details/2924,PUBLISHED,Published,2013,AFR,2013,2013,Africa,KEN,Kenya,656369,656369,,,,,,,,,,,,,
Reported number of people receiving antiretroviral therapy,https://www.who.int/data/gho/indicator-metadata-registry/imr-details/2924,PUBLISHED,Published,2014,AFR,2014,2014,Africa,KEN,Kenya,755226,755226,,,,,,,,,,,,,
Reported number of people receiving antiretroviral therapy,https://www.who.int/data/gho/indicator-metadata-registry/imr-details/2924,PUBLISHED,Published,2015,AFR,2015,2015,Africa,KEN,Kenya,897644,897644,,,,,,,,,,,,,
Reported number of people receiving antiretroviral therapy,https://www.who.int/data/gho/indicator-metadata-registry/imr-details/2924,PUBLISHED,Published,2016,AFR,2016,2016,Africa,KEN,Kenya,1018905,1018905,,,,,,,,,,,,,
Reported number of people receiving antiretroviral therapy,https://www.who.int/data/gho/indicator-metadata-registry/imr-details/2924,PUBLISHED,Published,2017,AFR,2017,2017,Africa,KEN,Kenya,1112750,1112750,,,,,,,,,,,,,
Reported number of people receiving antiretroviral therapy,https://www.who.int/data/gho/indicator-metadata-registry/imr-details/2924,PUBLISHED,Published,2018,AFR,2018,2018,Africa,KEN,Kenya,1067636,1067636,,,,,,,,,,,,,
Reported number of people receiving antiretroviral therapy,https://www.who.int/data/gho/indicator-metadata-registry/imr-details/2924,PUBLISHED,Published,2019,AFR,2019,2019,Africa,KEN,Kenya,1112254,1112254,,,,,,,,,,,,,
Number of deaths due to HIV/AIDS,https://www.who.int/data/gho/indicator-metadata-registry/imr-details/2922,PUBLISHED,Published,2000,AFR,2000,2000,Africa,KEN,Kenya,110 000 [81 000–160 000],110000,81000,160000,,,,,,,,,,,
Number of deaths due to HIV/AIDS,https://www.who.int/data/gho/indicator-metadata-registry/imr-details/2922,PUBLISHED,Published,2001,AFR,2001,2001,Africa,KEN,Kenya,120 000 [85 000–170 000],120000,85000,170000,,,,,,,,,,,
Number of deaths due to HIV/AIDS,https://www.who.int/data/gho/indicator-metadata-registry/imr-details/2922,PUBLISHED,Published,2002,AFR,2002,2002,Africa,KEN,Kenya,120 000 [89 000–180 000],120000,89000,180000,,,,,,,,,,,
Number of deaths due to HIV/AIDS,https://www.who.int/data/gho/indicator-metadata-registry/imr-details/2922,PUBLISHED,Published,2003,AFR,2003,2003,Africa,KEN,Kenya,120 000 [91 000–180 000],120000,91000,180000,,,,,,,,,,,
Number of deaths due to HIV/AIDS,https://www.who.int/data/gho/indicator-metadata-registry/imr-details/2922,PUBLISHED,Published,2004,AFR,2004,2004,Africa,KEN,Kenya,120 000 [91 000–180 000],120000,91000,180000,,,,,,,,,,,
Number of deaths due to HIV/AIDS,https://www.who.int/data/gho/indicator-metadata-registry/imr-details/2922,PUBLISHED,Published,2005,AFR,2005,2005,Africa,KEN,Kenya,110 000 [81 000–160 000],110000,81000,160000,,,,,,,,,,,
Number of deaths due to HIV/AIDS,https://www.who.int/data/gho/indicator-metadata-registry/imr-details/2922,PUBLISHED,Published,2006,AFR,2006,2006,Africa,KEN,Kenya,98 000 [72 000–140 000],98000,72000,140000,,,,,,,,,,,
Number of deaths due to HIV/AIDS,https://www.who.int/data/gho/indicator-metadata-registry/imr-details/2922,PUBLISHED,Published,2007,AFR,2007,2007,Africa,KEN,Kenya,80 000 [59 000–120 000],80000,59000,120000,,,,,,,,,,,
Number of deaths due to HIV/AIDS,https://www.who.int/data/gho/indicator-metadata-registry/imr-details/2922,PUBLISHED,Published,2008,AFR,2008,2008,Africa,KEN,Kenya,69 000 [51 000–100 000],69000,51000,100000,,,,,,,,,,,
Number of deaths due to HIV/AIDS,https://www.who.int/data/gho/indicator-metadata-registry/imr-details/2922,PUBLISHED,Published,2009,AFR,2009,2009,Africa,KEN,Kenya,59 000 [43 000–86 000],59000,43000,86000,,,,,,,,,,,
Number of deaths due to HIV/AIDS,https://www.who.int/data/gho/indicator-metadata-registry/imr-details/2922,PUBLISHED,Published,2010,AFR,2010,2010,Africa,KEN,Kenya,51 000 [38 000–74 000],51000,38000,74000,,,,,,,,,,,
Number of deaths due to HIV/AIDS,https://www.who.int/data/gho/indicator-metadata-registry/imr-details/2922,PUBLISHED,Published,2011,AFR,2011,2011,Africa,KEN,Kenya,45 000 [33 000–66 000],45000,33000,66000,,,,,,,,,,,
Number of deaths due to HIV/AIDS,https://www.who.int/data/gho/indicator-metadata-registry/imr-details/2922,PUBLISHED,Published,2012,AFR,2012,2012,Africa,KEN,Kenya,40 000 [29 000–58 000],40000,29000,58000,,,,,,,,,,,
Number of deaths due to HIV/AIDS,https://www.who.int/data/gho/indicator-metadata-registry/imr-details/2922,PUBLISHED,Published,2013,AFR,2013,2013,Africa,KEN,Kenya,36 000 [27 000–53 000],36000,27000,53000,,,,,,,,,,,
Number of deaths due to HIV/AIDS,https://www.who.int/data/gho/indicator-metadata-registry/imr-details/2922,PUBLISHED,Published,2014,AFR,2014,2014,Africa,KEN,Kenya,35 000 [26 000–51 000],35000,26000,51000,,,,,,,,,,,
Number of deaths due to HIV/AIDS,https://www.who.int/data/gho/indicator-metadata-registry/imr-details/2922,PUBLISHED,Published,2015,AFR,2015,2015,Africa,KEN,Kenya,33 000 [24 000–48 000],33000,24000,48000,,,,,,,,,,,
Number of deaths due to HIV/AIDS,https://www.who.int/data/gho/indicator-metadata-registry/imr-details/2922,PUBLISHED,Published,2016,AFR,2016,2016,Africa,KEN,Kenya,29 000 [21 000–42 000],29000,21000,42000,,,,,,,,,,,
Number of deaths due to HIV/AIDS,https://www.who.int/data/gho/indicator-metadata-registry/imr-details/2922,PUBLISHED,Published,2017,AFR,2017,2017,Africa,KEN,Kenya,26 000 [19 000–38 000],26000,19000,38000,,,,,,,,,,,
Number of deaths due to HIV/AIDS,https://www.who.int/data/gho/indicator-metadata-registry/imr-details/2922,PUBLISHED,Published,2018,AFR,2018,2018,Africa,KEN,Kenya,23 000 [17 000–34 000],23000,17000,34000,,,,,,,,,,,
Number of deaths due to HIV/AIDS,https://www.who.int/data/gho/indicator-metadata-registry/imr-details/2922,PUBLISHED,Published,2019,AFR,2019,2019,Africa,KEN,Kenya,21 000 [16 000–31 000],21000,16000,31000,,,,,,,,,,,
Number of pregnant women living with HIV who received antiretrovirals (excluding single dose Nevirapine)  for preventing mother-to-child transmission,https://www.who.int/data/gho/indicator-metadata-registry/imr-details/2936,PUBLISHED,Published,2010,AFR,2010,2010,Africa,KEN,Kenya,41575,41575,,,,,,,,,,,,,
Number of pregnant women living with HIV who received antiretrovirals (excluding single dose Nevirapine)  for preventing mother-to-child transmission,https://www.who.int/data/gho/indicator-metadata-registry/imr-details/2936,PUBLISHED,Published,2011,AFR,2011,2011,Africa,KEN,Kenya,55641,55641,,,,,,,,,,,,,
Number of pregnant women living with HIV who received antiretrovirals (excluding single dose Nevirapine)  for preventing mother-to-child transmission,https://www.who.int/data/gho/indicator-metadata-registry/imr-details/2936,PUBLISHED,Published,2012,AFR,2012,2012,Africa,KEN,Kenya,44388,44388,,,,,,,,,,,,,
Number of pregnant women living with HIV who received antiretrovirals (excluding single dose Nevirapine)  for preventing mother-to-child transmission,https://www.who.int/data/gho/indicator-metadata-registry/imr-details/2936,PUBLISHED,Published,2013,AFR,2013,2013,Africa,KEN,Kenya,44558,44558,,,,,,,,,,,,,
Number of pregnant women living with HIV who received antiretrovirals (excluding single dose Nevirapine)  for preventing mother-to-child transmission,https://www.who.int/data/gho/indicator-metadata-registry/imr-details/2936,PUBLISHED,Published,2014,AFR,2014,2014,Africa,KEN,Kenya,50259,50259,,,,,,,,,,,,,
Number of pregnant women living with HIV who received antiretrovirals (excluding single dose Nevirapine)  for preventing mother-to-child transmission,https://www.who.int/data/gho/indicator-metadata-registry/imr-details/2936,PUBLISHED,Published,2015,AFR,2015,2015,Africa,KEN,Kenya,59024,59024,,,,,,,,,,,,,
Number of pregnant women living with HIV who received antiretrovirals (excluding single dose Nevirapine)  for preventing mother-to-child transmission,https://www.who.int/data/gho/indicator-metadata-registry/imr-details/2936,PUBLISHED,Published,2016,AFR,2016,2016,Africa,KEN,Kenya,59297,59297,,,,,,,,,,,,,
Number of pregnant women living with HIV who received antiretrovirals (excluding single dose Nevirapine)  for preventing mother-to-child transmission,https://www.who.int/data/gho/indicator-metadata-registry/imr-details/2936,PUBLISHED,Published,2017,AFR,2017,2017,Africa,KEN,Kenya,53067,53067,,,,,,,,,,,,,
Number of pregnant women living with HIV who received antiretrovirals (excluding single dose Nevirapine)  for preventing mother-to-child transmission,https://www.who.int/data/gho/indicator-metadata-registry/imr-details/2936,PUBLISHED,Published,2018,AFR,2018,2018,Africa,KEN,Kenya,57523,57523,,,,,,,,,,,,,
Number of pregnant women living with HIV who received antiretrovirals (excluding single dose Nevirapine)  for preventing mother-to-child transmission,https://www.who.int/data/gho/indicator-metadata-registry/imr-details/2936,PUBLISHED,Published,2019,AFR,2019,2019,Africa,KEN,Kenya,59304,59304,,,,,,,,,,,,,
Estimated percentage of pregnant women living with HIV who received antiretrovirals for preventing mother-to-child transmission,https://www.who.int/data/gho/indicator-metadata-registry/imr-details/4754,PUBLISHED,Published,2010,AFR,2010,2010,Africa,KEN,Kenya,49 [38–59],49,38,59,,,,,,,,,,,
Estimated percentage of pregnant women living with HIV who received antiretrovirals for preventing mother-to-child transmission,https://www.who.int/data/gho/indicator-metadata-registry/imr-details/4754,PUBLISHED,Published,2011,AFR,2011,2011,Africa,KEN,Kenya,68 [52–82],68,52,82,,,,,,,,,,,
Estimated percentage of pregnant women living with HIV who received antiretrovirals for preventing mother-to-child transmission,https://www.who.int/data/gho/indicator-metadata-registry/imr-details/4754,PUBLISHED,Published,2012,AFR,2012,2012,Africa,KEN,Kenya,55 [43–67],55,43,67,,,,,,,,,,,
Estimated percentage of pregnant women living with HIV who received antiretrovirals for preventing mother-to-child transmission,https://www.who.int/data/gho/indicator-metadata-registry/imr-details/4754,PUBLISHED,Published,2013,AFR,2013,2013,Africa,KEN,Kenya,57 [44–69],57,44,69,,,,,,,,,,,
Estimated percentage of pregnant women living with HIV who received antiretrovirals for preventing mother-to-child transmission,https://www.who.int/data/gho/indicator-metadata-registry/imr-details/4754,PUBLISHED,Published,2014,AFR,2014,2014,Africa,KEN,Kenya,67 [51–80],67,51,80,,,,,,,,,,,
Estimated percentage of pregnant women living with HIV who received antiretrovirals for preventing mother-to-child transmission,https://www.who.int/data/gho/indicator-metadata-registry/imr-details/4754,PUBLISHED,Published,2015,AFR,2015,2015,Africa,KEN,Kenya,85 [66–100],85,66,100,,,,,,,,,,,
Estimated percentage of pregnant women living with HIV who received antiretrovirals for preventing mother-to-child transmission,https://www.who.int/data/gho/indicator-metadata-registry/imr-details/4754,PUBLISHED,Published,2016,AFR,2016,2016,Africa,KEN,Kenya,87 [67–100],87,67,100,,,,,,,,,,,
Estimated percentage of pregnant women living with HIV who received antiretrovirals for preventing mother-to-child transmission,https://www.who.int/data/gho/indicator-metadata-registry/imr-details/4754,PUBLISHED,Published,2017,AFR,2017,2017,Africa,KEN,Kenya,80 [61–96],80,61,96,,,,,,,,,,,
Estimated percentage of pregnant women living with HIV who received antiretrovirals for preventing mother-to-child transmission,https://www.who.int/data/gho/indicator-metadata-registry/imr-details/4754,PUBLISHED,Published,2018,AFR,2018,2018,Africa,KEN,Kenya,88 [68–100],88,68,100,,,,,,,,,,,
Estimated percentage of pregnant women living with HIV who received antiretrovirals for preventing mother-to-child transmission,https://www.who.int/data/gho/indicator-metadata-registry/imr-details/4754,PUBLISHED,Published,2019,AFR,2019,2019,Africa,KEN,Kenya,94 [73–100],94,73,100,,,,,,,,,,,
Estimated antiretroviral therapy coverage among children,https://www.who.int/data/gho/indicator-metadata-registry/imr-details/2966,PUBLISHED,Published,2000,AFR,2000,2000,Africa,KEN,Kenya,0 [0–0],0,0,0,,,,,,,,,,,
Estimated antiretroviral therapy coverage among children,https://www.who.int/data/gho/indicator-metadata-registry/imr-details/2966,PUBLISHED,Published,2001,AFR,2001,2001,Africa,KEN,Kenya,0 [0–0],0,0,0,,,,,,,,,,,
Estimated antiretroviral therapy coverage among children,https://www.who.int/data/gho/indicator-metadata-registry/imr-details/2966,PUBLISHED,Published,2002,AFR,2002,2002,Africa,KEN,Kenya,0 [0–0],0,0,0,,,,,,,,,,,
Estimated antiretroviral therapy coverage among children,https://www.who.int/data/gho/indicator-metadata-registry/imr-details/2966,PUBLISHED,Published,2003,AFR,2003,2003,Africa,KEN,Kenya,0 [0–0],0,0,0,,,,,,,,,,,
Estimated antiretroviral therapy coverage among children,https://www.who.int/data/gho/indicator-metadata-registry/imr-details/2966,PUBLISHED,Published,2004,AFR,2004,2004,Africa,KEN,Kenya,0 [0–0],0,0,0,,,,,,,,,,,
Estimated antiretroviral therapy coverage among children,https://www.who.int/data/gho/indicator-metadata-registry/imr-details/2966,PUBLISHED,Published,2005,AFR,2005,2005,Africa,KEN,Kenya,0 [0–0],0,0,0,,,,,,,,,,,
Estimated antiretroviral therapy coverage among children,https://www.who.int/data/gho/indicator-metadata-registry/imr-details/2966,PUBLISHED,Published,2006,AFR,2006,2006,Africa,KEN,Kenya,3 [3–4],3,3,4,,,,,,,,,,,
Estimated antiretroviral therapy coverage among children,https://www.who.int/data/gho/indicator-metadata-registry/imr-details/2966,PUBLISHED,Published,2007,AFR,2007,2007,Africa,KEN,Kenya,7 [5–9],7,5,9,,,,,,,,,,,
Estimated antiretroviral therapy coverage among children,https://www.who.int/data/gho/indicator-metadata-registry/imr-details/2966,PUBLISHED,Published,2008,AFR,2008,2008,Africa,KEN,Kenya,9 [7–12],9,7,12,,,,,,,,,,,
Estimated antiretroviral therapy coverage among children,https://www.who.int/data/gho/indicator-metadata-registry/imr-details/2966,PUBLISHED,Published,2009,AFR,2009,2009,Africa,KEN,Kenya,13 [10–17],13,10,17,,,,,,,,,,,
Estimated antiretroviral therapy coverage among children,https://www.who.int/data/gho/indicator-metadata-registry/imr-details/2966,PUBLISHED,Published,2010,AFR,2010,2010,Africa,KEN,Kenya,18 [14–22],18,14,22,,,,,,,,,,,
Estimated antiretroviral therapy coverage among children,https://www.who.int/data/gho/indicator-metadata-registry/imr-details/2966,PUBLISHED,Published,2011,AFR,2011,2011,Africa,KEN,Kenya,26 [20–32],26,20,32,,,,,,,,,,,
Estimated antiretroviral therapy coverage among children,https://www.who.int/data/gho/indicator-metadata-registry/imr-details/2966,PUBLISHED,Published,2012,AFR,2012,2012,Africa,KEN,Kenya,31 [24–39],31,24,39,,,,,,,,,,,
Estimated antiretroviral therapy coverage among children,https://www.who.int/data/gho/indicator-metadata-registry/imr-details/2966,PUBLISHED,Published,2013,AFR,2013,2013,Africa,KEN,Kenya,36 [27–45],36,27,45,,,,,,,,,,,
Estimated antiretroviral therapy coverage among children,https://www.who.int/data/gho/indicator-metadata-registry/imr-details/2966,PUBLISHED,Published,2014,AFR,2014,2014,Africa,KEN,Kenya,42 [32–52],42,32,52,,,,,,,,,,,
Estimated antiretroviral therapy coverage among children,https://www.who.int/data/gho/indicator-metadata-registry/imr-details/2966,PUBLISHED,Published,2015,AFR,2015,2015,Africa,KEN,Kenya,49 [37–61],49,37,61,,,,,,,,,,,
Estimated antiretroviral therapy coverage among children,https://www.who.int/data/gho/indicator-metadata-registry/imr-details/2966,PUBLISHED,Published,2016,AFR,2016,2016,Africa,KEN,Kenya,57 [44–72],57,44,72,,,,,,,,,,,
Estimated antiretroviral therapy coverage among children,https://www.who.int/data/gho/indicator-metadata-registry/imr-details/2966,PUBLISHED,Published,2017,AFR,2017,2017,Africa,KEN,Kenya,67 [52–85],67,52,85,,,,,,,,,,,
Estimated antiretroviral therapy coverage among children,https://www.who.int/data/gho/indicator-metadata-registry/imr-details/2966,PUBLISHED,Published,2018,AFR,2018,2018,Africa,KEN,Kenya,62 [48–78],62,48,78,,,,,,,,,,,
Estimated antiretroviral therapy coverage among children,https://www.who.int/data/gho/indicator-metadata-registry/imr-details/2966,PUBLISHED,Published,2019,AFR,2019,2019,Africa,KEN,Kenya,63 [48–79],63,48,79,,,,,,,,,,,
Reported number of children receiving antiretroviral therapy,https://www.who.int/data/gho/indicator-metadata-registry/imr-details/2924,PUBLISHED,Published,2000,AFR,2000,2000,Africa,KEN,Kenya,0,0,,,,,,,,,,,,,
Reported number of children receiving antiretroviral therapy,https://www.who.int/data/gho/indicator-metadata-registry/imr-details/2924,PUBLISHED,Published,2001,AFR,2001,2001,Africa,KEN,Kenya,0,0,,,,,,,,,,,,,
Reported number of children receiving antiretroviral therapy,https://www.who.int/data/gho/indicator-metadata-registry/imr-details/2924,PUBLISHED,Published,2002,AFR,2002,2002,Africa,KEN,Kenya,0,0,,,,,,,,,,,,,
Reported number of children receiving antiretroviral therapy,https://www.who.int/data/gho/indicator-metadata-registry/imr-details/2924,PUBLISHED,Published,2003,AFR,2003,2003,Africa,KEN,Kenya,0,0,,,,,,,,,,,,,
Reported number of children receiving antiretroviral therapy,https://www.who.int/data/gho/indicator-metadata-registry/imr-details/2924,PUBLISHED,Published,2004,AFR,2004,2004,Africa,KEN,Kenya,0,0,,,,,,,,,,,,,
Reported number of children receiving antiretroviral therapy,https://www.who.int/data/gho/indicator-metadata-registry/imr-details/2924,PUBLISHED,Published,2005,AFR,2005,2005,Africa,KEN,Kenya,0,0,,,,,,,,,,,,,
Reported number of children receiving antiretroviral therapy,https://www.who.int/data/gho/indicator-metadata-registry/imr-details/2924,PUBLISHED,Published,2006,AFR,2006,2006,Africa,KEN,Kenya,8333,8333,,,,,,,,,,,,,
Reported number of children receiving antiretroviral therapy,https://www.who.int/data/gho/indicator-metadata-registry/imr-details/2924,PUBLISHED,Published,2007,AFR,2007,2007,Africa,KEN,Kenya,16668,16668,,,,,,,,,,,,,
Reported number of children receiving antiretroviral therapy,https://www.who.int/data/gho/indicator-metadata-registry/imr-details/2924,PUBLISHED,Published,2008,AFR,2008,2008,Africa,KEN,Kenya,20577,20577,,,,,,,,,,,,,
Reported number of children receiving antiretroviral therapy,https://www.who.int/data/gho/indicator-metadata-registry/imr-details/2924,PUBLISHED,Published,2009,AFR,2009,2009,Africa,KEN,Kenya,28370,28370,,,,,,,,,,,,,
Reported number of children receiving antiretroviral therapy,https://www.who.int/data/gho/indicator-metadata-registry/imr-details/2924,PUBLISHED,Published,2010,AFR,2010,2010,Africa,KEN,Kenya,36096,36096,,,,,,,,,,,,,
Reported number of children receiving antiretroviral therapy,https://www.who.int/data/gho/indicator-metadata-registry/imr-details/2924,PUBLISHED,Published,2011,AFR,2011,2011,Africa,KEN,Kenya,48548,48548,,,,,,,,,,,,,
Reported number of children receiving antiretroviral therapy,https://www.who.int/data/gho/indicator-metadata-registry/imr-details/2924,PUBLISHED,Published,2012,AFR,2012,2012,Africa,KEN,Kenya,55438,55438,,,,,,,,,,,,,
Reported number of children receiving antiretroviral therapy,https://www.who.int/data/gho/indicator-metadata-registry/imr-details/2924,PUBLISHED,Published,2013,AFR,2013,2013,Africa,KEN,Kenya,60141,60141,,,,,,,,,,,,,
Reported number of children receiving antiretroviral therapy,https://www.who.int/data/gho/indicator-metadata-registry/imr-details/2924,PUBLISHED,Published,2014,AFR,2014,2014,Africa,KEN,Kenya,66070,66070,,,,,,,,,,,,,
Reported number of children receiving antiretroviral therapy,https://www.who.int/data/gho/indicator-metadata-registry/imr-details/2924,PUBLISHED,Published,2015,AFR,2015,2015,Africa,KEN,Kenya,71547,71547,,,,,,,,,,,,,
Reported number of children receiving antiretroviral therapy,https://www.who.int/data/gho/indicator-metadata-registry/imr-details/2924,PUBLISHED,Published,2016,AFR,2016,2016,Africa,KEN,Kenya,78739,78739,,,,,,,,,,,,,
Reported number of children receiving antiretroviral therapy,https://www.who.int/data/gho/indicator-metadata-registry/imr-details/2924,PUBLISHED,Published,2017,AFR,2017,2017,Africa,KEN,Kenya,86323,86323,,,,,,,,,,,,,
Reported number of children receiving antiretroviral therapy,https://www.who.int/data/gho/indicator-metadata-registry/imr-details/2924,PUBLISHED,Published,2018,AFR,2018,2018,Africa,KEN,Kenya,74344,74344,,,,,,,,,,,,,
Reported number of children receiving antiretroviral therapy,https://www.who.int/data/gho/indicator-metadata-registry/imr-details/2924,PUBLISHED,Published,2019,AFR,2019,2019,Africa,KEN,Kenya,70090,70090,,,,,,,,,,,,,
Prevalence of HIV among adults aged 15 to 49 (%),https://www.who.int/data/gho/indicator-metadata-registry/imr-details/334,PUBLISHED,Published,2000,AFR,2000,2000,Africa,KEN,Kenya,8.9 [7.8–10.2],8.9,7.8,10.2,,,,,,,,,,,
Prevalence of HIV among adults aged 15 to 49 (%),https://www.who.int/data/gho/indicator-metadata-registry/imr-details/334,PUBLISHED,Published,2001,AFR,2001,2001,Africa,KEN,Kenya,8.4 [7.4–9.6],8.4,7.4,9.6,,,,,,,,,,,
Prevalence of HIV among adults aged 15 to 49 (%),https://www.who.int/data/gho/indicator-metadata-registry/imr-details/334,PUBLISHED,Published,2002,AFR,2002,2002,Africa,KEN,Kenya,7.9 [7–9.1],7.9,7,9.1,,,,,,,,,,,
Prevalence of HIV among adults aged 15 to 49 (%),https://www.who.int/data/gho/indicator-metadata-registry/imr-details/334,PUBLISHED,Published,2003,AFR,2003,2003,Africa,KEN,Kenya,7.5 [6.5–8.5],7.5,6.5,8.5,,,,,,,,,,,
Prevalence of HIV among adults aged 15 to 49 (%),https://www.who.int/data/gho/indicator-metadata-registry/imr-details/334,PUBLISHED,Published,2004,AFR,2004,2004,Africa,KEN,Kenya,7 [6.1–8],7,6.1,8,,,,,,,,,,,
Prevalence of HIV among adults aged 15 to 49 (%),https://www.who.int/data/gho/indicator-metadata-registry/imr-details/334,PUBLISHED,Published,2005,AFR,2005,2005,Africa,KEN,Kenya,6.6 [5.8–7.6],6.6,5.8,7.6,,,,,,,,,,,
Prevalence of HIV among adults aged 15 to 49 (%),https://www.who.int/data/gho/indicator-metadata-registry/imr-details/334,PUBLISHED,Published,2006,AFR,2006,2006,Africa,KEN,Kenya,6.3 [5.6–7.3],6.3,5.6,7.3,,,,,,,,,,,
Prevalence of HIV among adults aged 15 to 49 (%),https://www.who.int/data/gho/indicator-metadata-registry/imr-details/334,PUBLISHED,Published,2007,AFR,2007,2007,Africa,KEN,Kenya,6.1 [5.4–7],6.1,5.4,7,,,,,,,,,,,
Prevalence of HIV among adults aged 15 to 49 (%),https://www.who.int/data/gho/indicator-metadata-registry/imr-details/334,PUBLISHED,Published,2008,AFR,2008,2008,Africa,KEN,Kenya,6 [5.2–6.8],6,5.2,6.8,,,,,,,,,,,
Prevalence of HIV among adults aged 15 to 49 (%),https://www.who.int/data/gho/indicator-metadata-registry/imr-details/334,PUBLISHED,Published,2009,AFR,2009,2009,Africa,KEN,Kenya,5.8 [5.1–6.7],5.8,5.1,6.7,,,,,,,,,,,
Prevalence of HIV among adults aged 15 to 49 (%),https://www.who.int/data/gho/indicator-metadata-registry/imr-details/334,PUBLISHED,Published,2010,AFR,2010,2010,Africa,KEN,Kenya,5.7 [5–6.5],5.7,5,6.5,,,,,,,,,,,
Prevalence of HIV among adults aged 15 to 49 (%),https://www.who.int/data/gho/indicator-metadata-registry/imr-details/334,PUBLISHED,Published,2011,AFR,2011,2011,Africa,KEN,Kenya,5.6 [4.9–6.4],5.6,4.9,6.4,,,,,,,,,,,
Prevalence of HIV among adults aged 15 to 49 (%),https://www.who.int/data/gho/indicator-metadata-registry/imr-details/334,PUBLISHED,Published,2012,AFR,2012,2012,Africa,KEN,Kenya,5.5 [4.8–6.3],5.5,4.8,6.3,,,,,,,,,,,
Prevalence of HIV among adults aged 15 to 49 (%),https://www.who.int/data/gho/indicator-metadata-registry/imr-details/334,PUBLISHED,Published,2013,AFR,2013,2013,Africa,KEN,Kenya,5.4 [4.7–6.1],5.4,4.7,6.1,,,,,,,,,,,
Prevalence of HIV among adults aged 15 to 49 (%),https://www.who.int/data/gho/indicator-metadata-registry/imr-details/334,PUBLISHED,Published,2014,AFR,2014,2014,Africa,KEN,Kenya,5.2 [4.6–6],5.2,4.6,6,,,,,,,,,,,
Prevalence of HIV among adults aged 15 to 49 (%),https://www.who.int/data/gho/indicator-metadata-registry/imr-details/334,PUBLISHED,Published,2015,AFR,2015,2015,Africa,KEN,Kenya,5.1 [4.5–5.9],5.1,4.5,5.9,,,,,,,,,,,
Prevalence of HIV among adults aged 15 to 49 (%),https://www.who.int/data/gho/indicator-metadata-registry/imr-details/334,PUBLISHED,Published,2016,AFR,2016,2016,Africa,KEN,Kenya,5 [4.4–5.7],5,4.4,5.7,,,,,,,,,,,
Prevalence of HIV among adults aged 15 to 49 (%),https://www.who.int/data/gho/indicator-metadata-registry/imr-details/334,PUBLISHED,Published,2017,AFR,2017,2017,Africa,KEN,Kenya,4.8 [4.2–5.5],4.8,4.2,5.5,,,,,,,,,,,
Prevalence of HIV among adults aged 15 to 49 (%),https://www.who.int/data/gho/indicator-metadata-registry/imr-details/334,PUBLISHED,Published,2018,AFR,2018,2018,Africa,KEN,Kenya,4.7 [4.1–5.3],4.7,4.1,5.3,,,,,,,,,,,
Prevalence of HIV among adults aged 15 to 49 (%),https://www.who.int/data/gho/indicator-metadata-registry/imr-details/334,PUBLISHED,Published,2019,AFR,2019,2019,Africa,KEN,Kenya,4.5 [4–5.2],4.5,4,5.2,,,,,,,,,,,
Estimated antiretroviral therapy coverage among people living with HIV (%),https://www.who.int/data/gho/indicator-metadata-registry/imr-details/4477,PUBLISHED,Published,2000,AFR,2000,2000,Africa,KEN,Kenya,0 [0–0],0,0,0,,,,,,,,,,,
Estimated antiretroviral therapy coverage among people living with HIV (%),https://www.who.int/data/gho/indicator-metadata-registry/imr-details/4477,PUBLISHED,Published,2001,AFR,2001,2001,Africa,KEN,Kenya,0 [0–0],0,0,0,,,,,,,,,,,
Estimated antiretroviral therapy coverage among people living with HIV (%),https://www.who.int/data/gho/indicator-metadata-registry/imr-details/4477,PUBLISHED,Published,2002,AFR,2002,2002,Africa,KEN,Kenya,0 [0–0],0,0,0,,,,,,,,,,,
Estimated antiretroviral therapy coverage among people living with HIV (%),https://www.who.int/data/gho/indicator-metadata-registry/imr-details/4477,PUBLISHED,Published,2003,AFR,2003,2003,Africa,KEN,Kenya,0 [0–0],0,0,0,,,,,,,,,,,
Estimated antiretroviral therapy coverage among people living with HIV (%),https://www.who.int/data/gho/indicator-metadata-registry/imr-details/4477,PUBLISHED,Published,2004,AFR,2004,2004,Africa,KEN,Kenya,2 [2–2],2,2,2,,,,,,,,,,,
Estimated antiretroviral therapy coverage among people living with HIV (%),https://www.who.int/data/gho/indicator-metadata-registry/imr-details/4477,PUBLISHED,Published,2005,AFR,2005,2005,Africa,KEN,Kenya,4 [3–4],4,3,4,,,,,,,,,,,
Estimated antiretroviral therapy coverage among people living with HIV (%),https://www.who.int/data/gho/indicator-metadata-registry/imr-details/4477,PUBLISHED,Published,2006,AFR,2006,2006,Africa,KEN,Kenya,9 [8–11],9,8,11,,,,,,,,,,,
Estimated antiretroviral therapy coverage among people living with HIV (%),https://www.who.int/data/gho/indicator-metadata-registry/imr-details/4477,PUBLISHED,Published,2007,AFR,2007,2007,Africa,KEN,Kenya,13 [12–15],13,12,15,,,,,,,,,,,
Estimated antiretroviral therapy coverage among people living with HIV (%),https://www.who.int/data/gho/indicator-metadata-registry/imr-details/4477,PUBLISHED,Published,2008,AFR,2008,2008,Africa,KEN,Kenya,18 [16–21],18,16,21,,,,,,,,,,,
Estimated antiretroviral therapy coverage among people living with HIV (%),https://www.who.int/data/gho/indicator-metadata-registry/imr-details/4477,PUBLISHED,Published,2009,AFR,2009,2009,Africa,KEN,Kenya,24 [21–28],24,21,28,,,,,,,,,,,
Estimated antiretroviral therapy coverage among people living with HIV (%),https://www.who.int/data/gho/indicator-metadata-registry/imr-details/4477,PUBLISHED,Published,2010,AFR,2010,2010,Africa,KEN,Kenya,31 [27–36],31,27,36,,,,,,,,,,,
Estimated antiretroviral therapy coverage among people living with HIV (%),https://www.who.int/data/gho/indicator-metadata-registry/imr-details/4477,PUBLISHED,Published,2011,AFR,2011,2011,Africa,KEN,Kenya,38 [33–44],38,33,44,,,,,,,,,,,
Estimated antiretroviral therapy coverage among people living with HIV (%),https://www.who.int/data/gho/indicator-metadata-registry/imr-details/4477,PUBLISHED,Published,2012,AFR,2012,2012,Africa,KEN,Kenya,42 [37–49],42,37,49,,,,,,,,,,,
Estimated antiretroviral therapy coverage among people living with HIV (%),https://www.who.int/data/gho/indicator-metadata-registry/imr-details/4477,PUBLISHED,Published,2013,AFR,2013,2013,Africa,KEN,Kenya,45 [40–53],45,40,53,,,,,,,,,,,
Estimated antiretroviral therapy coverage among people living with HIV (%),https://www.who.int/data/gho/indicator-metadata-registry/imr-details/4477,PUBLISHED,Published,2014,AFR,2014,2014,Africa,KEN,Kenya,52 [45–60],52,45,60,,,,,,,,,,,
Estimated antiretroviral therapy coverage among people living with HIV (%),https://www.who.int/data/gho/indicator-metadata-registry/imr-details/4477,PUBLISHED,Published,2015,AFR,2015,2015,Africa,KEN,Kenya,61 [54–71],61,54,71,,,,,,,,,,,
Estimated antiretroviral therapy coverage among people living with HIV (%),https://www.who.int/data/gho/indicator-metadata-registry/imr-details/4477,PUBLISHED,Published,2016,AFR,2016,2016,Africa,KEN,Kenya,69 [60–80],69,60,80,,,,,,,,,,,
Estimated antiretroviral therapy coverage among people living with HIV (%),https://www.who.int/data/gho/indicator-metadata-registry/imr-details/4477,PUBLISHED,Published,2017,AFR,2017,2017,Africa,KEN,Kenya,75 [66–87],75,66,87,,,,,,,,,,,
Estimated antiretroviral therapy coverage among people living with HIV (%),https://www.who.int/data/gho/indicator-metadata-registry/imr-details/4477,PUBLISHED,Published,2018,AFR,2018,2018,Africa,KEN,Kenya,71 [63–83],71,63,83,,,,,,,,,,,
Estimated antiretroviral therapy coverage among people living with HIV (%),https://www.who.int/data/gho/indicator-metadata-registry/imr-details/4477,PUBLISHED,Published,2019,AFR,2019,2019,Africa,KEN,Kenya,74 [65–86],74,65,86,,,,,,,,,,,
Estimated number of children needing antiretroviral therapy based on WHO methods,https://www.who.int/data/gho/indicator-metadata-registry/imr-details/2935,PUBLISHED,Published,1990,AFR,1990,1990,Africa,KEN,Kenya,42 000 [32 000–53 000],42000,32000,53000,,,,,,,,,,,
Estimated number of children needing antiretroviral therapy based on WHO methods,https://www.who.int/data/gho/indicator-metadata-registry/imr-details/2935,PUBLISHED,Published,1991,AFR,1991,1991,Africa,KEN,Kenya,58 000 [44 000–73 000],58000,44000,73000,,,,,,,,,,,
Estimated number of children needing antiretroviral therapy based on WHO methods,https://www.who.int/data/gho/indicator-metadata-registry/imr-details/2935,PUBLISHED,Published,1992,AFR,1992,1992,Africa,KEN,Kenya,76 000 [58 000–95 000],76000,58000,95000,,,,,,,,,,,
Estimated number of children needing antiretroviral therapy based on WHO methods,https://www.who.int/data/gho/indicator-metadata-registry/imr-details/2935,PUBLISHED,Published,1993,AFR,1993,1993,Africa,KEN,Kenya,95 000 [73 000–120 000],95000,73000,120000,,,,,,,,,,,
Estimated number of children needing antiretroviral therapy based on WHO methods,https://www.who.int/data/gho/indicator-metadata-registry/imr-details/2935,PUBLISHED,Published,1994,AFR,1994,1994,Africa,KEN,Kenya,110 000 [88 000–140 000],110000,88000,140000,,,,,,,,,,,
Estimated number of children needing antiretroviral therapy based on WHO methods,https://www.who.int/data/gho/indicator-metadata-registry/imr-details/2935,PUBLISHED,Published,1995,AFR,1995,1995,Africa,KEN,Kenya,130 000 [100 000–170 000],130000,100000,170000,,,,,,,,,,,
Estimated number of children needing antiretroviral therapy based on WHO methods,https://www.who.int/data/gho/indicator-metadata-registry/imr-details/2935,PUBLISHED,Published,1996,AFR,1996,1996,Africa,KEN,Kenya,150 000 [120 000–190 000],150000,120000,190000,,,,,,,,,,,
Estimated number of children needing antiretroviral therapy based on WHO methods,https://www.who.int/data/gho/indicator-metadata-registry/imr-details/2935,PUBLISHED,Published,1997,AFR,1997,1997,Africa,KEN,Kenya,170 000 [130 000–210 000],170000,130000,210000,,,,,,,,,,,
Estimated number of children needing antiretroviral therapy based on WHO methods,https://www.who.int/data/gho/indicator-metadata-registry/imr-details/2935,PUBLISHED,Published,1998,AFR,1998,1998,Africa,KEN,Kenya,190 000 [140 000–230 000],190000,140000,230000,,,,,,,,,,,
Estimated number of children needing antiretroviral therapy based on WHO methods,https://www.who.int/data/gho/indicator-metadata-registry/imr-details/2935,PUBLISHED,Published,1999,AFR,1999,1999,Africa,KEN,Kenya,200 000 [150 000–250 000],200000,150000,250000,,,,,,,,,,,
Estimated number of children needing antiretroviral therapy based on WHO methods,https://www.who.int/data/gho/indicator-metadata-registry/imr-details/2935,PUBLISHED,Published,2000,AFR,2000,2000,Africa,KEN,Kenya,210 000 [160 000–270 000],210000,160000,270000,,,,,,,,,,,
Estimated number of children needing antiretroviral therapy based on WHO methods,https://www.who.int/data/gho/indicator-metadata-registry/imr-details/2935,PUBLISHED,Published,2001,AFR,2001,2001,Africa,KEN,Kenya,220 000 [170 000–280 000],220000,170000,280000,,,,,,,,,,,
Estimated number of children needing antiretroviral therapy based on WHO methods,https://www.who.int/data/gho/indicator-metadata-registry/imr-details/2935,PUBLISHED,Published,2002,AFR,2002,2002,Africa,KEN,Kenya,230 000 [180 000–290 000],230000,180000,290000,,,,,,,,,,,
Estimated number of children needing antiretroviral therapy based on WHO methods,https://www.who.int/data/gho/indicator-metadata-registry/imr-details/2935,PUBLISHED,Published,2003,AFR,2003,2003,Africa,KEN,Kenya,240 000 [180 000–300 000],240000,180000,300000,,,,,,,,,,,
Estimated number of children needing antiretroviral therapy based on WHO methods,https://www.who.int/data/gho/indicator-metadata-registry/imr-details/2935,PUBLISHED,Published,2004,AFR,2004,2004,Africa,KEN,Kenya,240 000 [190 000–310 000],240000,190000,310000,,,,,,,,,,,
Estimated number of children needing antiretroviral therapy based on WHO methods,https://www.who.int/data/gho/indicator-metadata-registry/imr-details/2935,PUBLISHED,Published,2005,AFR,2005,2005,Africa,KEN,Kenya,240 000 [190 000–310 000],240000,190000,310000,,,,,,,,,,,
Estimated number of children needing antiretroviral therapy based on WHO methods,https://www.who.int/data/gho/indicator-metadata-registry/imr-details/2935,PUBLISHED,Published,2006,AFR,2006,2006,Africa,KEN,Kenya,240 000 [180 000–300 000],240000,180000,300000,,,,,,,,,,,
Estimated number of children needing antiretroviral therapy based on WHO methods,https://www.who.int/data/gho/indicator-metadata-registry/imr-details/2935,PUBLISHED,Published,2007,AFR,2007,2007,Africa,KEN,Kenya,240 000 [180 000–300 000],240000,180000,300000,,,,,,,,,,,
Estimated number of children needing antiretroviral therapy based on WHO methods,https://www.who.int/data/gho/indicator-metadata-registry/imr-details/2935,PUBLISHED,Published,2008,AFR,2008,2008,Africa,KEN,Kenya,230 000 [170 000–280 000],230000,170000,280000,,,,,,,,,,,
Estimated number of children needing antiretroviral therapy based on WHO methods,https://www.who.int/data/gho/indicator-metadata-registry/imr-details/2935,PUBLISHED,Published,2009,AFR,2009,2009,Africa,KEN,Kenya,220 000 [160 000–270 000],220000,160000,270000,,,,,,,,,,,
Estimated number of children needing antiretroviral therapy based on WHO methods,https://www.who.int/data/gho/indicator-metadata-registry/imr-details/2935,PUBLISHED,Published,2010,AFR,2010,2010,Africa,KEN,Kenya,200 000 [160 000–260 000],200000,160000,260000,,,,,,,,,,,
Estimated number of children needing antiretroviral therapy based on WHO methods,https://www.who.int/data/gho/indicator-metadata-registry/imr-details/2935,PUBLISHED,Published,2011,AFR,2011,2011,Africa,KEN,Kenya,190 000 [150 000–240 000],190000,150000,240000,,,,,,,,,,,
Estimated number of children needing antiretroviral therapy based on WHO methods,https://www.who.int/data/gho/indicator-metadata-registry/imr-details/2935,PUBLISHED,Published,2012,AFR,2012,2012,Africa,KEN,Kenya,180 000 [140 000–220 000],180000,140000,220000,,,,,,,,,,,
Estimated number of children needing antiretroviral therapy based on WHO methods,https://www.who.int/data/gho/indicator-metadata-registry/imr-details/2935,PUBLISHED,Published,2013,AFR,2013,2013,Africa,KEN,Kenya,170 000 [130 000–210 000],170000,130000,210000,,,,,,,,,,,
Estimated number of children needing antiretroviral therapy based on WHO methods,https://www.who.int/data/gho/indicator-metadata-registry/imr-details/2935,PUBLISHED,Published,2014,AFR,2014,2014,Africa,KEN,Kenya,160 000 [120 000–200 000],160000,120000,200000,,,,,,,,,,,
Estimated number of children needing antiretroviral therapy based on WHO methods,https://www.who.int/data/gho/indicator-metadata-registry/imr-details/2935,PUBLISHED,Published,2015,AFR,2015,2015,Africa,KEN,Kenya,150 000 [110 000–190 000],150000,110000,190000,,,,,,,,,,,
Estimated number of children needing antiretroviral therapy based on WHO methods,https://www.who.int/data/gho/indicator-metadata-registry/imr-details/2935,PUBLISHED,Published,2016,AFR,2016,2016,Africa,KEN,Kenya,140 000 [100 000–170 000],140000,100000,170000,,,,,,,,,,,
Estimated number of children needing antiretroviral therapy based on WHO methods,https://www.who.int/data/gho/indicator-metadata-registry/imr-details/2935,PUBLISHED,Published,2017,AFR,2017,2017,Africa,KEN,Kenya,130 000 [98 000–160 000],130000,98000,160000,,,,,,,,,,,
Estimated number of children needing antiretroviral therapy based on WHO methods,https://www.who.int/data/gho/indicator-metadata-registry/imr-details/2935,PUBLISHED,Published,2018,AFR,2018,2018,Africa,KEN,Kenya,120 000 [92 000–150 000],120000,92000,150000,,,,,,,,,,,
Estimated number of children needing antiretroviral therapy based on WHO methods,https://www.who.int/data/gho/indicator-metadata-registry/imr-details/2935,PUBLISHED,Published,2019,AFR,2019,2019,Africa,KEN,Kenya,110 000 [85 000–140 000],110000,85000,140000,,,,,,,,,,,
Estimated number of pregnant women living with HIV needing antiretrovirals for preventing mother-to-child transmission based on WHO methods,https://www.who.int/data/gho/indicator-metadata-registry/imr-details/2933,PUBLISHED,Published,1990,AFR,1990,1990,Africa,KEN,Kenya,48 000 [37 000–58 000],48000,37000,58000,,,,,,,,,,,
Estimated number of pregnant women living with HIV needing antiretrovirals for preventing mother-to-child transmission based on WHO methods,https://www.who.int/data/gho/indicator-metadata-registry/imr-details/2933,PUBLISHED,Published,1991,AFR,1991,1991,Africa,KEN,Kenya,64 000 [50 000–78 000],64000,50000,78000,,,,,,,,,,,
Estimated number of pregnant women living with HIV needing antiretrovirals for preventing mother-to-child transmission based on WHO methods,https://www.who.int/data/gho/indicator-metadata-registry/imr-details/2933,PUBLISHED,Published,1992,AFR,1992,1992,Africa,KEN,Kenya,82 000 [63 000–99 000],82000,63000,99000,,,,,,,,,,,
Estimated number of pregnant women living with HIV needing antiretrovirals for preventing mother-to-child transmission based on WHO methods,https://www.who.int/data/gho/indicator-metadata-registry/imr-details/2933,PUBLISHED,Published,1993,AFR,1993,1993,Africa,KEN,Kenya,99 000 [77 000–120 000],99000,77000,120000,,,,,,,,,,,
Estimated number of pregnant women living with HIV needing antiretrovirals for preventing mother-to-child transmission based on WHO methods,https://www.who.int/data/gho/indicator-metadata-registry/imr-details/2933,PUBLISHED,Published,1994,AFR,1994,1994,Africa,KEN,Kenya,110 000 [88 000–140 000],110000,88000,140000,,,,,,,,,,,
Estimated number of pregnant women living with HIV needing antiretrovirals for preventing mother-to-child transmission based on WHO methods,https://www.who.int/data/gho/indicator-metadata-registry/imr-details/2933,PUBLISHED,Published,1995,AFR,1995,1995,Africa,KEN,Kenya,130 000 [97 000–150 000],130000,97000,150000,,,,,,,,,,,
Estimated number of pregnant women living with HIV needing antiretrovirals for preventing mother-to-child transmission based on WHO methods,https://www.who.int/data/gho/indicator-metadata-registry/imr-details/2933,PUBLISHED,Published,1996,AFR,1996,1996,Africa,KEN,Kenya,130 000 [100 000–160 000],130000,100000,160000,,,,,,,,,,,
Estimated number of pregnant women living with HIV needing antiretrovirals for preventing mother-to-child transmission based on WHO methods,https://www.who.int/data/gho/indicator-metadata-registry/imr-details/2933,PUBLISHED,Published,1997,AFR,1997,1997,Africa,KEN,Kenya,140 000 [110 000–160 000],140000,110000,160000,,,,,,,,,,,
Estimated number of pregnant women living with HIV needing antiretrovirals for preventing mother-to-child transmission based on WHO methods,https://www.who.int/data/gho/indicator-metadata-registry/imr-details/2933,PUBLISHED,Published,1998,AFR,1998,1998,Africa,KEN,Kenya,140 000 [100 000–160 000],140000,100000,160000,,,,,,,,,,,
Estimated number of pregnant women living with HIV needing antiretrovirals for preventing mother-to-child transmission based on WHO methods,https://www.who.int/data/gho/indicator-metadata-registry/imr-details/2933,PUBLISHED,Published,1999,AFR,1999,1999,Africa,KEN,Kenya,130 000 [100 000–160 000],130000,100000,160000,,,,,,,,,,,
Estimated number of pregnant women living with HIV needing antiretrovirals for preventing mother-to-child transmission based on WHO methods,https://www.who.int/data/gho/indicator-metadata-registry/imr-details/2933,PUBLISHED,Published,2000,AFR,2000,2000,Africa,KEN,Kenya,130 000 [99 000–150 000],130000,99000,150000,,,,,,,,,,,
Estimated number of pregnant women living with HIV needing antiretrovirals for preventing mother-to-child transmission based on WHO methods,https://www.who.int/data/gho/indicator-metadata-registry/imr-details/2933,PUBLISHED,Published,2001,AFR,2001,2001,Africa,KEN,Kenya,120 000 [95 000–150 000],120000,95000,150000,,,,,,,,,,,
Estimated number of pregnant women living with HIV needing antiretrovirals for preventing mother-to-child transmission based on WHO methods,https://www.who.int/data/gho/indicator-metadata-registry/imr-details/2933,PUBLISHED,Published,2002,AFR,2002,2002,Africa,KEN,Kenya,120 000 [90 000–140 000],120000,90000,140000,,,,,,,,,,,
Estimated number of pregnant women living with HIV needing antiretrovirals for preventing mother-to-child transmission based on WHO methods,https://www.who.int/data/gho/indicator-metadata-registry/imr-details/2933,PUBLISHED,Published,2003,AFR,2003,2003,Africa,KEN,Kenya,110 000 [85 000–130 000],110000,85000,130000,,,,,,,,,,,
Estimated number of pregnant women living with HIV needing antiretrovirals for preventing mother-to-child transmission based on WHO methods,https://www.who.int/data/gho/indicator-metadata-registry/imr-details/2933,PUBLISHED,Published,2004,AFR,2004,2004,Africa,KEN,Kenya,100 000 [80 000–120 000],100000,80000,120000,,,,,,,,,,,
Estimated number of pregnant women living with HIV needing antiretrovirals for preventing mother-to-child transmission based on WHO methods,https://www.who.int/data/gho/indicator-metadata-registry/imr-details/2933,PUBLISHED,Published,2005,AFR,2005,2005,Africa,KEN,Kenya,98 000 [75 000–120 000],98000,75000,120000,,,,,,,,,,,
Estimated number of pregnant women living with HIV needing antiretrovirals for preventing mother-to-child transmission based on WHO methods,https://www.who.int/data/gho/indicator-metadata-registry/imr-details/2933,PUBLISHED,Published,2006,AFR,2006,2006,Africa,KEN,Kenya,93 000 [72 000–110 000],93000,72000,110000,,,,,,,,,,,
Estimated number of pregnant women living with HIV needing antiretrovirals for preventing mother-to-child transmission based on WHO methods,https://www.who.int/data/gho/indicator-metadata-registry/imr-details/2933,PUBLISHED,Published,2007,AFR,2007,2007,Africa,KEN,Kenya,90 000 [70 000–110 000],90000,70000,110000,,,,,,,,,,,
Estimated number of pregnant women living with HIV needing antiretrovirals for preventing mother-to-child transmission based on WHO methods,https://www.who.int/data/gho/indicator-metadata-registry/imr-details/2933,PUBLISHED,Published,2008,AFR,2008,2008,Africa,KEN,Kenya,88 000 [68 000–110 000],88000,68000,110000,,,,,,,,,,,
Estimated number of pregnant women living with HIV needing antiretrovirals for preventing mother-to-child transmission based on WHO methods,https://www.who.int/data/gho/indicator-metadata-registry/imr-details/2933,PUBLISHED,Published,2009,AFR,2009,2009,Africa,KEN,Kenya,87 000 [67 000–110 000],87000,67000,110000,,,,,,,,,,,
Estimated number of pregnant women living with HIV needing antiretrovirals for preventing mother-to-child transmission based on WHO methods,https://www.who.int/data/gho/indicator-metadata-registry/imr-details/2933,PUBLISHED,Published,2010,AFR,2010,2010,Africa,KEN,Kenya,85 000 [65 000–100 000],85000,65000,100000,,,,,,,,,,,
Estimated number of pregnant women living with HIV needing antiretrovirals for preventing mother-to-child transmission based on WHO methods,https://www.who.int/data/gho/indicator-metadata-registry/imr-details/2933,PUBLISHED,Published,2011,AFR,2011,2011,Africa,KEN,Kenya,82 000 [63 000–99 000],82000,63000,99000,,,,,,,,,,,
Estimated number of pregnant women living with HIV needing antiretrovirals for preventing mother-to-child transmission based on WHO methods,https://www.who.int/data/gho/indicator-metadata-registry/imr-details/2933,PUBLISHED,Published,2012,AFR,2012,2012,Africa,KEN,Kenya,80 000 [62 000–97 000],80000,62000,97000,,,,,,,,,,,
Estimated number of pregnant women living with HIV needing antiretrovirals for preventing mother-to-child transmission based on WHO methods,https://www.who.int/data/gho/indicator-metadata-registry/imr-details/2933,PUBLISHED,Published,2013,AFR,2013,2013,Africa,KEN,Kenya,78 000 [60 000–95 000],78000,60000,95000,,,,,,,,,,,
Estimated number of pregnant women living with HIV needing antiretrovirals for preventing mother-to-child transmission based on WHO methods,https://www.who.int/data/gho/indicator-metadata-registry/imr-details/2933,PUBLISHED,Published,2014,AFR,2014,2014,Africa,KEN,Kenya,76 000 [58 000–91 000],76000,58000,91000,,,,,,,,,,,
Estimated number of pregnant women living with HIV needing antiretrovirals for preventing mother-to-child transmission based on WHO methods,https://www.who.int/data/gho/indicator-metadata-registry/imr-details/2933,PUBLISHED,Published,2015,AFR,2015,2015,Africa,KEN,Kenya,69 000 [54 000–84 000],69000,54000,84000,,,,,,,,,,,
Estimated number of pregnant women living with HIV needing antiretrovirals for preventing mother-to-child transmission based on WHO methods,https://www.who.int/data/gho/indicator-metadata-registry/imr-details/2933,PUBLISHED,Published,2016,AFR,2016,2016,Africa,KEN,Kenya,68 000 [53 000–82 000],68000,53000,82000,,,,,,,,,,,
Estimated number of pregnant women living with HIV needing antiretrovirals for preventing mother-to-child transmission based on WHO methods,https://www.who.int/data/gho/indicator-metadata-registry/imr-details/2933,PUBLISHED,Published,2017,AFR,2017,2017,Africa,KEN,Kenya,67 000 [52 000–81 000],67000,52000,81000,,,,,,,,,,,
Estimated number of pregnant women living with HIV needing antiretrovirals for preventing mother-to-child transmission based on WHO methods,https://www.who.int/data/gho/indicator-metadata-registry/imr-details/2933,PUBLISHED,Published,2018,AFR,2018,2018,Africa,KEN,Kenya,65 000 [50 000–79 000],65000,50000,79000,,,,,,,,,,,
Estimated number of pregnant women living with HIV needing antiretrovirals for preventing mother-to-child transmission based on WHO methods,https://www.who.int/data/gho/indicator-metadata-registry/imr-details/2933,PUBLISHED,Published,2019,AFR,2019,2019,Africa,KEN,Kenya,63 000 [49 000–76 000],63000,49000,76000,,,,,,,,,,,
,,,,,,,,,,,,,,,,,,,,,,,,,
